<?xml version="1.0" encoding="UTF-8"?>
<root>
  <item name="com.birbit.android.jobqueue.scheduling.GcmScheduler int toNetworkState(int) 0">
    <annotation name="android.support.annotation.IntDef">
      <val name="value" val="{com.birbit.android.jobqueue.network.NetworkUtil.DISCONNECTED, com.birbit.android.jobqueue.network.NetworkUtil.METERED, com.birbit.android.jobqueue.network.NetworkUtil.UNMETERED}" />
    </annotation>
  </item>
  <item name="com.birbit.android.jobqueue.scheduling.SchedulerConstraint int getNetworkStatus()">
    <annotation name="android.support.annotation.IntDef">
      <val name="value" val="{com.birbit.android.jobqueue.network.NetworkUtil.DISCONNECTED, com.birbit.android.jobqueue.network.NetworkUtil.METERED, com.birbit.android.jobqueue.network.NetworkUtil.UNMETERED}" />
    </annotation>
  </item>
</root>

